aggregation_time,total_time,num_of_workers
8.22717809677124,25.7502224445343,3
18.77861785888672,91.31050300598145,2
30.219465255737305,103.19308423995972,1
