aggregation_time,total_time,num_of_workers,fraction_of_data
12.321723461151125,30.525001525878903,3,1.0
14.487127304077148,42.05954313278198,2,0.6666666666666666
10.260109901428223,52.37993597984314,1,0.3333333333333333
